"","Date","Fuel","Count"
"1",2005-01-01,"Conventional hybrid",44
"2",2005-01-01,"Diesel",10600
"3",2005-01-01,"Electricity",0
"4",2005-01-01,"Petrol",24406
"5",2005-01-01,"Plug-in hybrid",0
"6",2005-02-01,"Conventional hybrid",88
"7",2005-02-01,"Diesel",9798
"8",2005-02-01,"Electricity",6
"9",2005-02-01,"Petrol",23132
"10",2005-02-01,"Plug-in hybrid",0
"11",2005-03-01,"Conventional hybrid",120
"12",2005-03-01,"Diesel",14194
"13",2005-03-01,"Electricity",0
"14",2005-03-01,"Petrol",34276
"15",2005-03-01,"Plug-in hybrid",0
"16",2005-04-01,"Conventional hybrid",90
"17",2005-04-01,"Diesel",14512
"18",2005-04-01,"Electricity",4
"19",2005-04-01,"Petrol",40668
"20",2005-04-01,"Plug-in hybrid",0
"21",2005-05-01,"Conventional hybrid",74
"22",2005-05-01,"Diesel",12628
"23",2005-05-01,"Electricity",0
"24",2005-05-01,"Petrol",36194
"25",2005-05-01,"Plug-in hybrid",0
"26",2005-06-01,"Conventional hybrid",48
"27",2005-06-01,"Diesel",14280
"28",2005-06-01,"Electricity",2
"29",2005-06-01,"Petrol",38850
"30",2005-06-01,"Plug-in hybrid",0
"31",2005-07-01,"Conventional hybrid",62
"32",2005-07-01,"Diesel",11870
"33",2005-07-01,"Electricity",0
"34",2005-07-01,"Petrol",31290
"35",2005-07-01,"Plug-in hybrid",0
"36",2005-08-01,"Conventional hybrid",104
"37",2005-08-01,"Diesel",9618
"38",2005-08-01,"Electricity",2
"39",2005-08-01,"Petrol",26500
"40",2005-08-01,"Plug-in hybrid",0
"41",2005-09-01,"Conventional hybrid",122
"42",2005-09-01,"Diesel",12188
"43",2005-09-01,"Electricity",0
"44",2005-09-01,"Petrol",29606
"45",2005-09-01,"Plug-in hybrid",0
"46",2005-10-01,"Conventional hybrid",148
"47",2005-10-01,"Diesel",12628
"48",2005-10-01,"Electricity",0
"49",2005-10-01,"Petrol",28252
"50",2005-10-01,"Plug-in hybrid",0
"51",2005-11-01,"Conventional hybrid",170
"52",2005-11-01,"Diesel",12290
"53",2005-11-01,"Electricity",4
"54",2005-11-01,"Petrol",28648
"55",2005-11-01,"Plug-in hybrid",0
"56",2005-12-01,"Conventional hybrid",138
"57",2005-12-01,"Diesel",13576
"58",2005-12-01,"Electricity",8
"59",2005-12-01,"Petrol",28404
"60",2005-12-01,"Plug-in hybrid",0
"61",2006-01-01,"Conventional hybrid",156
"62",2006-01-01,"Diesel",12034
"63",2006-01-01,"Electricity",2
"64",2006-01-01,"Petrol",25282
"65",2006-01-01,"Plug-in hybrid",0
"66",2006-02-01,"Conventional hybrid",212
"67",2006-02-01,"Diesel",10832
"68",2006-02-01,"Electricity",0
"69",2006-02-01,"Petrol",23974
"70",2006-02-01,"Plug-in hybrid",0
"71",2006-03-01,"Conventional hybrid",204
"72",2006-03-01,"Diesel",15304
"73",2006-03-01,"Electricity",2
"74",2006-03-01,"Petrol",38362
"75",2006-03-01,"Plug-in hybrid",0
"76",2006-04-01,"Conventional hybrid",118
"77",2006-04-01,"Diesel",12902
"78",2006-04-01,"Electricity",0
"79",2006-04-01,"Petrol",35468
"80",2006-04-01,"Plug-in hybrid",0
"81",2006-05-01,"Conventional hybrid",128
"82",2006-05-01,"Diesel",15556
"83",2006-05-01,"Electricity",2
"84",2006-05-01,"Petrol",39280
"85",2006-05-01,"Plug-in hybrid",0
"86",2006-06-01,"Conventional hybrid",102
"87",2006-06-01,"Diesel",16606
"88",2006-06-01,"Electricity",2
"89",2006-06-01,"Petrol",42488
"90",2006-06-01,"Plug-in hybrid",0
"91",2006-07-01,"Conventional hybrid",334
"92",2006-07-01,"Diesel",13532
"93",2006-07-01,"Electricity",0
"94",2006-07-01,"Petrol",29256
"95",2006-07-01,"Plug-in hybrid",0
"96",2006-08-01,"Conventional hybrid",328
"97",2006-08-01,"Diesel",10638
"98",2006-08-01,"Electricity",2
"99",2006-08-01,"Petrol",24052
"100",2006-08-01,"Plug-in hybrid",0
"101",2006-09-01,"Conventional hybrid",382
"102",2006-09-01,"Diesel",12056
"103",2006-09-01,"Electricity",4
"104",2006-09-01,"Petrol",26590
"105",2006-09-01,"Plug-in hybrid",0
"106",2006-10-01,"Conventional hybrid",300
"107",2006-10-01,"Diesel",13700
"108",2006-10-01,"Electricity",0
"109",2006-10-01,"Petrol",27750
"110",2006-10-01,"Plug-in hybrid",0
"111",2006-11-01,"Conventional hybrid",468
"112",2006-11-01,"Diesel",14200
"113",2006-11-01,"Electricity",0
"114",2006-11-01,"Petrol",28948
"115",2006-11-01,"Plug-in hybrid",0
"116",2006-12-01,"Conventional hybrid",408
"117",2006-12-01,"Diesel",14312
"118",2006-12-01,"Electricity",4
"119",2006-12-01,"Petrol",30156
"120",2006-12-01,"Plug-in hybrid",0
"121",2007-01-01,"Conventional hybrid",306
"122",2007-01-01,"Diesel",11956
"123",2007-01-01,"Electricity",2
"124",2007-01-01,"Petrol",23834
"125",2007-01-01,"Plug-in hybrid",0
"126",2007-02-01,"Conventional hybrid",360
"127",2007-02-01,"Diesel",11996
"128",2007-02-01,"Electricity",6
"129",2007-02-01,"Petrol",24892
"130",2007-02-01,"Plug-in hybrid",0
"131",2007-03-01,"Conventional hybrid",624
"132",2007-03-01,"Diesel",15728
"133",2007-03-01,"Electricity",4
"134",2007-03-01,"Petrol",35382
"135",2007-03-01,"Plug-in hybrid",0
"136",2007-04-01,"Conventional hybrid",454
"137",2007-04-01,"Diesel",14552
"138",2007-04-01,"Electricity",0
"139",2007-04-01,"Petrol",34004
"140",2007-04-01,"Plug-in hybrid",2
"141",2007-05-01,"Conventional hybrid",494
"142",2007-05-01,"Diesel",16442
"143",2007-05-01,"Electricity",2
"144",2007-05-01,"Petrol",36344
"145",2007-05-01,"Plug-in hybrid",0
"146",2007-06-01,"Conventional hybrid",644
"147",2007-06-01,"Diesel",19734
"148",2007-06-01,"Electricity",0
"149",2007-06-01,"Petrol",40968
"150",2007-06-01,"Plug-in hybrid",0
"151",2007-07-01,"Conventional hybrid",718
"152",2007-07-01,"Diesel",17092
"153",2007-07-01,"Electricity",2
"154",2007-07-01,"Petrol",31038
"155",2007-07-01,"Plug-in hybrid",0
"156",2007-08-01,"Conventional hybrid",784
"157",2007-08-01,"Diesel",13708
"158",2007-08-01,"Electricity",2
"159",2007-08-01,"Petrol",26766
"160",2007-08-01,"Plug-in hybrid",0
"161",2007-09-01,"Conventional hybrid",658
"162",2007-09-01,"Diesel",13336
"163",2007-09-01,"Electricity",0
"164",2007-09-01,"Petrol",26948
"165",2007-09-01,"Plug-in hybrid",0
"166",2007-10-01,"Conventional hybrid",522
"167",2007-10-01,"Diesel",16526
"168",2007-10-01,"Electricity",2
"169",2007-10-01,"Petrol",30896
"170",2007-10-01,"Plug-in hybrid",0
"171",2007-11-01,"Conventional hybrid",476
"172",2007-11-01,"Diesel",16832
"173",2007-11-01,"Electricity",8
"174",2007-11-01,"Petrol",31626
"175",2007-11-01,"Plug-in hybrid",0
"176",2007-12-01,"Conventional hybrid",398
"177",2007-12-01,"Diesel",16738
"178",2007-12-01,"Electricity",10
"179",2007-12-01,"Petrol",27410
"180",2007-12-01,"Plug-in hybrid",0
"181",2008-01-01,"Conventional hybrid",436
"182",2008-01-01,"Diesel",15570
"183",2008-01-01,"Electricity",4
"184",2008-01-01,"Petrol",26882
"185",2008-01-01,"Plug-in hybrid",0
"186",2008-02-01,"Conventional hybrid",534
"187",2008-02-01,"Diesel",14730
"188",2008-02-01,"Electricity",4
"189",2008-02-01,"Petrol",28002
"190",2008-02-01,"Plug-in hybrid",2
"191",2008-03-01,"Conventional hybrid",496
"192",2008-03-01,"Diesel",15278
"193",2008-03-01,"Electricity",4
"194",2008-03-01,"Petrol",31186
"195",2008-03-01,"Plug-in hybrid",0
"196",2008-04-01,"Conventional hybrid",712
"197",2008-04-01,"Diesel",18102
"198",2008-04-01,"Electricity",2
"199",2008-04-01,"Petrol",38964
"200",2008-04-01,"Plug-in hybrid",0
"201",2008-05-01,"Conventional hybrid",490
"202",2008-05-01,"Diesel",17202
"203",2008-05-01,"Electricity",6
"204",2008-05-01,"Petrol",35796
"205",2008-05-01,"Plug-in hybrid",2
"206",2008-06-01,"Conventional hybrid",628
"207",2008-06-01,"Diesel",18340
"208",2008-06-01,"Electricity",6
"209",2008-06-01,"Petrol",39660
"210",2008-06-01,"Plug-in hybrid",8
"211",2008-07-01,"Conventional hybrid",586
"212",2008-07-01,"Diesel",16802
"213",2008-07-01,"Electricity",2
"214",2008-07-01,"Petrol",34314
"215",2008-07-01,"Plug-in hybrid",6
"216",2008-08-01,"Conventional hybrid",570
"217",2008-08-01,"Diesel",11814
"218",2008-08-01,"Electricity",2
"219",2008-08-01,"Petrol",25416
"220",2008-08-01,"Plug-in hybrid",6
"221",2008-09-01,"Conventional hybrid",500
"222",2008-09-01,"Diesel",13554
"223",2008-09-01,"Electricity",0
"224",2008-09-01,"Petrol",28964
"225",2008-09-01,"Plug-in hybrid",4
"226",2008-10-01,"Conventional hybrid",410
"227",2008-10-01,"Diesel",15622
"228",2008-10-01,"Electricity",2
"229",2008-10-01,"Petrol",31994
"230",2008-10-01,"Plug-in hybrid",16
"231",2008-11-01,"Conventional hybrid",324
"232",2008-11-01,"Diesel",13576
"233",2008-11-01,"Electricity",2
"234",2008-11-01,"Petrol",26332
"235",2008-11-01,"Plug-in hybrid",6
"236",2008-12-01,"Conventional hybrid",442
"237",2008-12-01,"Diesel",16100
"238",2008-12-01,"Electricity",14
"239",2008-12-01,"Petrol",30780
"240",2008-12-01,"Plug-in hybrid",8
"241",2009-01-01,"Conventional hybrid",340
"242",2009-01-01,"Diesel",11818
"243",2009-01-01,"Electricity",4
"244",2009-01-01,"Petrol",23456
"245",2009-01-01,"Plug-in hybrid",2
"246",2009-02-01,"Conventional hybrid",422
"247",2009-02-01,"Diesel",10984
"248",2009-02-01,"Electricity",4
"249",2009-02-01,"Petrol",23820
"250",2009-02-01,"Plug-in hybrid",6
"251",2009-03-01,"Conventional hybrid",672
"252",2009-03-01,"Diesel",13936
"253",2009-03-01,"Electricity",2
"254",2009-03-01,"Petrol",32658
"255",2009-03-01,"Plug-in hybrid",0
"256",2009-04-01,"Conventional hybrid",654
"257",2009-04-01,"Diesel",14088
"258",2009-04-01,"Electricity",4
"259",2009-04-01,"Petrol",34936
"260",2009-04-01,"Plug-in hybrid",4
"261",2009-05-01,"Conventional hybrid",552
"262",2009-05-01,"Diesel",12646
"263",2009-05-01,"Electricity",2
"264",2009-05-01,"Petrol",32610
"265",2009-05-01,"Plug-in hybrid",4
"266",2009-06-01,"Conventional hybrid",766
"267",2009-06-01,"Diesel",15428
"268",2009-06-01,"Electricity",14
"269",2009-06-01,"Petrol",37060
"270",2009-06-01,"Plug-in hybrid",2
"271",2009-07-01,"Conventional hybrid",622
"272",2009-07-01,"Diesel",14264
"273",2009-07-01,"Electricity",10
"274",2009-07-01,"Petrol",32824
"275",2009-07-01,"Plug-in hybrid",12
"276",2009-08-01,"Conventional hybrid",688
"277",2009-08-01,"Diesel",10006
"278",2009-08-01,"Electricity",6
"279",2009-08-01,"Petrol",24954
"280",2009-08-01,"Plug-in hybrid",6
"281",2009-09-01,"Conventional hybrid",958
"282",2009-09-01,"Diesel",12202
"283",2009-09-01,"Electricity",6
"284",2009-09-01,"Petrol",28754
"285",2009-09-01,"Plug-in hybrid",6
"286",2009-10-01,"Conventional hybrid",686
"287",2009-10-01,"Diesel",13524
"288",2009-10-01,"Electricity",36
"289",2009-10-01,"Petrol",31238
"290",2009-10-01,"Plug-in hybrid",4
"291",2009-11-01,"Conventional hybrid",746
"292",2009-11-01,"Diesel",13048
"293",2009-11-01,"Electricity",12
"294",2009-11-01,"Petrol",30024
"295",2009-11-01,"Plug-in hybrid",4
"296",2009-12-01,"Conventional hybrid",644
"297",2009-12-01,"Diesel",15512
"298",2009-12-01,"Electricity",14
"299",2009-12-01,"Petrol",32002
"300",2009-12-01,"Plug-in hybrid",0
"301",2010-01-01,"Conventional hybrid",614
"302",2010-01-01,"Diesel",12578
"303",2010-01-01,"Electricity",20
"304",2010-01-01,"Petrol",25122
"305",2010-01-01,"Plug-in hybrid",4
"306",2010-02-01,"Conventional hybrid",490
"307",2010-02-01,"Diesel",11838
"308",2010-02-01,"Electricity",14
"309",2010-02-01,"Petrol",25290
"310",2010-02-01,"Plug-in hybrid",2
"311",2010-03-01,"Conventional hybrid",708
"312",2010-03-01,"Diesel",16304
"313",2010-03-01,"Electricity",20
"314",2010-03-01,"Petrol",40268
"315",2010-03-01,"Plug-in hybrid",2
"316",2010-04-01,"Conventional hybrid",616
"317",2010-04-01,"Diesel",14172
"318",2010-04-01,"Electricity",12
"319",2010-04-01,"Petrol",37162
"320",2010-04-01,"Plug-in hybrid",6
"321",2010-05-01,"Conventional hybrid",892
"322",2010-05-01,"Diesel",14012
"323",2010-05-01,"Electricity",10
"324",2010-05-01,"Petrol",35106
"325",2010-05-01,"Plug-in hybrid",4
"326",2010-06-01,"Conventional hybrid",800
"327",2010-06-01,"Diesel",18064
"328",2010-06-01,"Electricity",130
"329",2010-06-01,"Petrol",44712
"330",2010-06-01,"Plug-in hybrid",6
"331",2010-07-01,"Conventional hybrid",754
"332",2010-07-01,"Diesel",15660
"333",2010-07-01,"Electricity",26
"334",2010-07-01,"Petrol",34700
"335",2010-07-01,"Plug-in hybrid",10
"336",2010-08-01,"Conventional hybrid",708
"337",2010-08-01,"Diesel",12062
"338",2010-08-01,"Electricity",38
"339",2010-08-01,"Petrol",27300
"340",2010-08-01,"Plug-in hybrid",2
"341",2010-09-01,"Conventional hybrid",626
"342",2010-09-01,"Diesel",13856
"343",2010-09-01,"Electricity",18
"344",2010-09-01,"Petrol",30032
"345",2010-09-01,"Plug-in hybrid",10
"346",2010-10-01,"Conventional hybrid",698
"347",2010-10-01,"Diesel",16128
"348",2010-10-01,"Electricity",30
"349",2010-10-01,"Petrol",32502
"350",2010-10-01,"Plug-in hybrid",6
"351",2010-11-01,"Conventional hybrid",778
"352",2010-11-01,"Diesel",16896
"353",2010-11-01,"Electricity",32
"354",2010-11-01,"Petrol",32446
"355",2010-11-01,"Plug-in hybrid",2
"356",2010-12-01,"Conventional hybrid",750
"357",2010-12-01,"Diesel",19436
"358",2010-12-01,"Electricity",52
"359",2010-12-01,"Petrol",36504
"360",2010-12-01,"Plug-in hybrid",12
"361",2011-01-01,"Conventional hybrid",600
"362",2011-01-01,"Diesel",15152
"363",2011-01-01,"Electricity",76
"364",2011-01-01,"Petrol",26868
"365",2011-01-01,"Plug-in hybrid",12
"366",2011-02-01,"Conventional hybrid",808
"367",2011-02-01,"Diesel",15296
"368",2011-02-01,"Electricity",64
"369",2011-02-01,"Petrol",30198
"370",2011-02-01,"Plug-in hybrid",16
"371",2011-03-01,"Conventional hybrid",1102
"372",2011-03-01,"Diesel",19636
"373",2011-03-01,"Electricity",134
"374",2011-03-01,"Petrol",41558
"375",2011-03-01,"Plug-in hybrid",30
"376",2011-04-01,"Conventional hybrid",1172
"377",2011-04-01,"Diesel",17408
"378",2011-04-01,"Electricity",78
"379",2011-04-01,"Petrol",38132
"380",2011-04-01,"Plug-in hybrid",20
"381",2011-05-01,"Conventional hybrid",792
"382",2011-05-01,"Diesel",20128
"383",2011-05-01,"Electricity",78
"384",2011-05-01,"Petrol",39336
"385",2011-05-01,"Plug-in hybrid",22
"386",2011-06-01,"Conventional hybrid",850
"387",2011-06-01,"Diesel",18692
"388",2011-06-01,"Electricity",80
"389",2011-06-01,"Petrol",37840
"390",2011-06-01,"Plug-in hybrid",16
"391",2011-07-01,"Conventional hybrid",504
"392",2011-07-01,"Diesel",17598
"393",2011-07-01,"Electricity",54
"394",2011-07-01,"Petrol",34170
"395",2011-07-01,"Plug-in hybrid",16
"396",2011-08-01,"Conventional hybrid",826
"397",2011-08-01,"Diesel",14890
"398",2011-08-01,"Electricity",46
"399",2011-08-01,"Petrol",29328
"400",2011-08-01,"Plug-in hybrid",14
"401",2011-09-01,"Conventional hybrid",1062
"402",2011-09-01,"Diesel",17672
"403",2011-09-01,"Electricity",98
"404",2011-09-01,"Petrol",35916
"405",2011-09-01,"Plug-in hybrid",34
"406",2011-10-01,"Conventional hybrid",980
"407",2011-10-01,"Diesel",18574
"408",2011-10-01,"Electricity",32
"409",2011-10-01,"Petrol",35708
"410",2011-10-01,"Plug-in hybrid",22
"411",2011-11-01,"Conventional hybrid",952
"412",2011-11-01,"Diesel",21178
"413",2011-11-01,"Electricity",110
"414",2011-11-01,"Petrol",36476
"415",2011-11-01,"Plug-in hybrid",26
"416",2011-12-01,"Conventional hybrid",1036
"417",2011-12-01,"Diesel",22330
"418",2011-12-01,"Electricity",54
"419",2011-12-01,"Petrol",37526
"420",2011-12-01,"Plug-in hybrid",12
"421",2012-01-01,"Conventional hybrid",562
"422",2012-01-01,"Diesel",19620
"423",2012-01-01,"Electricity",102
"424",2012-01-01,"Petrol",29340
"425",2012-01-01,"Plug-in hybrid",18
"426",2012-02-01,"Conventional hybrid",606
"427",2012-02-01,"Diesel",18532
"428",2012-02-01,"Electricity",50
"429",2012-02-01,"Petrol",29560
"430",2012-02-01,"Plug-in hybrid",36
"431",2012-03-01,"Conventional hybrid",1216
"432",2012-03-01,"Diesel",23574
"433",2012-03-01,"Electricity",180
"434",2012-03-01,"Petrol",42678
"435",2012-03-01,"Plug-in hybrid",46
"436",2012-04-01,"Conventional hybrid",1136
"437",2012-04-01,"Diesel",20828
"438",2012-04-01,"Electricity",228
"439",2012-04-01,"Petrol",36346
"440",2012-04-01,"Plug-in hybrid",32
"441",2012-05-01,"Conventional hybrid",1020
"442",2012-05-01,"Diesel",22346
"443",2012-05-01,"Electricity",184
"444",2012-05-01,"Petrol",36460
"445",2012-05-01,"Plug-in hybrid",30
"446",2012-06-01,"Conventional hybrid",1458
"447",2012-06-01,"Diesel",29060
"448",2012-06-01,"Electricity",150
"449",2012-06-01,"Petrol",51008
"450",2012-06-01,"Plug-in hybrid",32
"451",2012-07-01,"Conventional hybrid",1140
"452",2012-07-01,"Diesel",17826
"453",2012-07-01,"Electricity",136
"454",2012-07-01,"Petrol",29728
"455",2012-07-01,"Plug-in hybrid",34
"456",2012-08-01,"Conventional hybrid",1190
"457",2012-08-01,"Diesel",17176
"458",2012-08-01,"Electricity",112
"459",2012-08-01,"Petrol",25794
"460",2012-08-01,"Plug-in hybrid",46
"461",2012-09-01,"Conventional hybrid",1146
"462",2012-09-01,"Diesel",16636
"463",2012-09-01,"Electricity",214
"464",2012-09-01,"Petrol",24400
"465",2012-09-01,"Plug-in hybrid",58
"466",2012-10-01,"Conventional hybrid",1410
"467",2012-10-01,"Diesel",21070
"468",2012-10-01,"Electricity",190
"469",2012-10-01,"Petrol",30414
"470",2012-10-01,"Plug-in hybrid",42
"471",2012-11-01,"Conventional hybrid",1186
"472",2012-11-01,"Diesel",20940
"473",2012-11-01,"Electricity",120
"474",2012-11-01,"Petrol",31268
"475",2012-11-01,"Plug-in hybrid",38
"476",2012-12-01,"Conventional hybrid",902
"477",2012-12-01,"Diesel",22128
"478",2012-12-01,"Electricity",182
"479",2012-12-01,"Petrol",34144
"480",2012-12-01,"Plug-in hybrid",32
"481",2013-01-01,"Conventional hybrid",1054
"482",2013-01-01,"Diesel",17830
"483",2013-01-01,"Electricity",132
"484",2013-01-01,"Petrol",24506
"485",2013-01-01,"Plug-in hybrid",50
"486",2013-02-01,"Conventional hybrid",1056
"487",2013-02-01,"Diesel",17824
"488",2013-02-01,"Electricity",72
"489",2013-02-01,"Petrol",26228
"490",2013-02-01,"Plug-in hybrid",82
"491",2013-03-01,"Conventional hybrid",1578
"492",2013-03-01,"Diesel",20886
"493",2013-03-01,"Electricity",140
"494",2013-03-01,"Petrol",35600
"495",2013-03-01,"Plug-in hybrid",90
"496",2013-04-01,"Conventional hybrid",1214
"497",2013-04-01,"Diesel",20522
"498",2013-04-01,"Electricity",90
"499",2013-04-01,"Petrol",34922
"500",2013-04-01,"Plug-in hybrid",56
"501",2013-05-01,"Conventional hybrid",1040
"502",2013-05-01,"Diesel",20060
"503",2013-05-01,"Electricity",134
"504",2013-05-01,"Petrol",33480
"505",2013-05-01,"Plug-in hybrid",54
"506",2013-06-01,"Conventional hybrid",948
"507",2013-06-01,"Diesel",21044
"508",2013-06-01,"Electricity",358
"509",2013-06-01,"Petrol",35706
"510",2013-06-01,"Plug-in hybrid",50
"511",2013-07-01,"Conventional hybrid",1048
"512",2013-07-01,"Diesel",19976
"513",2013-07-01,"Electricity",214
"514",2013-07-01,"Petrol",31108
"515",2013-07-01,"Plug-in hybrid",68
"516",2013-08-01,"Conventional hybrid",1042
"517",2013-08-01,"Diesel",14986
"518",2013-08-01,"Electricity",226
"519",2013-08-01,"Petrol",25718
"520",2013-08-01,"Plug-in hybrid",68
"521",2013-09-01,"Conventional hybrid",988
"522",2013-09-01,"Diesel",16822
"523",2013-09-01,"Electricity",270
"524",2013-09-01,"Petrol",27052
"525",2013-09-01,"Plug-in hybrid",100
"526",2013-10-01,"Conventional hybrid",1096
"527",2013-10-01,"Diesel",20310
"528",2013-10-01,"Electricity",250
"529",2013-10-01,"Petrol",31196
"530",2013-10-01,"Plug-in hybrid",82
"531",2013-11-01,"Conventional hybrid",992
"532",2013-11-01,"Diesel",18572
"533",2013-11-01,"Electricity",352
"534",2013-11-01,"Petrol",29618
"535",2013-11-01,"Plug-in hybrid",146
"536",2013-12-01,"Conventional hybrid",1244
"537",2013-12-01,"Diesel",22426
"538",2013-12-01,"Electricity",546
"539",2013-12-01,"Petrol",34958
"540",2013-12-01,"Plug-in hybrid",170
"541",2014-01-01,"Conventional hybrid",818
"542",2014-01-01,"Diesel",16684
"543",2014-01-01,"Electricity",218
"544",2014-01-01,"Petrol",24060
"545",2014-01-01,"Plug-in hybrid",108
"546",2014-02-01,"Conventional hybrid",808
"547",2014-02-01,"Diesel",17556
"548",2014-02-01,"Electricity",162
"549",2014-02-01,"Petrol",26226
"550",2014-02-01,"Plug-in hybrid",74
"551",2014-03-01,"Conventional hybrid",1286
"552",2014-03-01,"Diesel",19228
"553",2014-03-01,"Electricity",474
"554",2014-03-01,"Petrol",32532
"555",2014-03-01,"Plug-in hybrid",106
"556",2014-04-01,"Conventional hybrid",1148
"557",2014-04-01,"Diesel",20064
"558",2014-04-01,"Electricity",322
"559",2014-04-01,"Petrol",33982
"560",2014-04-01,"Plug-in hybrid",160
"561",2014-05-01,"Conventional hybrid",1074
"562",2014-05-01,"Diesel",18846
"563",2014-05-01,"Electricity",340
"564",2014-05-01,"Petrol",31694
"565",2014-05-01,"Plug-in hybrid",80
"566",2014-06-01,"Conventional hybrid",856
"567",2014-06-01,"Diesel",20462
"568",2014-06-01,"Electricity",364
"569",2014-06-01,"Petrol",33986
"570",2014-06-01,"Plug-in hybrid",172
"571",2014-07-01,"Conventional hybrid",1002
"572",2014-07-01,"Diesel",20786
"573",2014-07-01,"Electricity",332
"574",2014-07-01,"Petrol",32794
"575",2014-07-01,"Plug-in hybrid",108
"576",2014-08-01,"Conventional hybrid",638
"577",2014-08-01,"Diesel",14428
"578",2014-08-01,"Electricity",256
"579",2014-08-01,"Petrol",24068
"580",2014-08-01,"Plug-in hybrid",126
"581",2014-09-01,"Conventional hybrid",1010
"582",2014-09-01,"Diesel",15632
"583",2014-09-01,"Electricity",268
"584",2014-09-01,"Petrol",26356
"585",2014-09-01,"Plug-in hybrid",194
"586",2014-10-01,"Conventional hybrid",1228
"587",2014-10-01,"Diesel",19332
"588",2014-10-01,"Electricity",252
"589",2014-10-01,"Petrol",31376
"590",2014-10-01,"Plug-in hybrid",156
"591",2014-11-01,"Conventional hybrid",926
"592",2014-11-01,"Diesel",18690
"593",2014-11-01,"Electricity",322
"594",2014-11-01,"Petrol",27088
"595",2014-11-01,"Plug-in hybrid",172
"596",2014-12-01,"Conventional hybrid",1376
"597",2014-12-01,"Diesel",24826
"598",2014-12-01,"Electricity",586
"599",2014-12-01,"Petrol",37578
"600",2014-12-01,"Plug-in hybrid",160
"601",2015-01-01,"Conventional hybrid",706
"602",2015-01-01,"Diesel",15718
"603",2015-01-01,"Electricity",292
"604",2015-01-01,"Petrol",21190
"605",2015-01-01,"Plug-in hybrid",224
"606",2015-02-01,"Conventional hybrid",876
"607",2015-02-01,"Diesel",18326
"608",2015-02-01,"Electricity",200
"609",2015-02-01,"Petrol",26242
"610",2015-02-01,"Plug-in hybrid",386
"611",2015-03-01,"Conventional hybrid",1666
"612",2015-03-01,"Diesel",23872
"613",2015-03-01,"Electricity",738
"614",2015-03-01,"Petrol",37604
"615",2015-03-01,"Plug-in hybrid",444
"616",2015-04-01,"Conventional hybrid",1404
"617",2015-04-01,"Diesel",21334
"618",2015-04-01,"Electricity",728
"619",2015-04-01,"Petrol",34576
"620",2015-04-01,"Plug-in hybrid",410
"621",2015-05-01,"Conventional hybrid",1222
"622",2015-05-01,"Diesel",20520
"623",2015-05-01,"Electricity",760
"624",2015-05-01,"Petrol",32830
"625",2015-05-01,"Plug-in hybrid",332
"626",2015-06-01,"Conventional hybrid",1152
"627",2015-06-01,"Diesel",25402
"628",2015-06-01,"Electricity",1004
"629",2015-06-01,"Petrol",38692
"630",2015-06-01,"Plug-in hybrid",376
"631",2015-07-01,"Conventional hybrid",946
"632",2015-07-01,"Diesel",23524
"633",2015-07-01,"Electricity",720
"634",2015-07-01,"Petrol",34478
"635",2015-07-01,"Plug-in hybrid",490
"636",2015-08-01,"Conventional hybrid",880
"637",2015-08-01,"Diesel",18484
"638",2015-08-01,"Electricity",528
"639",2015-08-01,"Petrol",27092
"640",2015-08-01,"Plug-in hybrid",246
"641",2015-09-01,"Conventional hybrid",956
"642",2015-09-01,"Diesel",19006
"643",2015-09-01,"Electricity",636
"644",2015-09-01,"Petrol",27546
"645",2015-09-01,"Plug-in hybrid",256
"646",2015-10-01,"Conventional hybrid",998
"647",2015-10-01,"Diesel",20372
"648",2015-10-01,"Electricity",534
"649",2015-10-01,"Petrol",28402
"650",2015-10-01,"Plug-in hybrid",404
"651",2015-11-01,"Conventional hybrid",886
"652",2015-11-01,"Diesel",21898
"653",2015-11-01,"Electricity",840
"654",2015-11-01,"Petrol",28296
"655",2015-11-01,"Plug-in hybrid",310
"656",2015-12-01,"Conventional hybrid",894
"657",2015-12-01,"Diesel",27258
"658",2015-12-01,"Electricity",784
"659",2015-12-01,"Petrol",33980
"660",2015-12-01,"Plug-in hybrid",1106
"661",2016-01-01,"Conventional hybrid",796
"662",2016-01-01,"Diesel",17796
"663",2016-01-01,"Electricity",478
"664",2016-01-01,"Petrol",22256
"665",2016-01-01,"Plug-in hybrid",498
"666",2016-02-01,"Conventional hybrid",1034
"667",2016-02-01,"Diesel",18676
"668",2016-02-01,"Electricity",320
"669",2016-02-01,"Petrol",25758
"670",2016-02-01,"Plug-in hybrid",442
"671",2016-03-01,"Conventional hybrid",1420
"672",2016-03-01,"Diesel",21990
"673",2016-03-01,"Electricity",872
"674",2016-03-01,"Petrol",34202
"675",2016-03-01,"Plug-in hybrid",522
"676",2016-04-01,"Conventional hybrid",1256
"677",2016-04-01,"Diesel",22740
"678",2016-04-01,"Electricity",478
"679",2016-04-01,"Petrol",33000
"680",2016-04-01,"Plug-in hybrid",440
"681",2016-05-01,"Conventional hybrid",1258
"682",2016-05-01,"Diesel",20472
"683",2016-05-01,"Electricity",386
"684",2016-05-01,"Petrol",29664
"685",2016-05-01,"Plug-in hybrid",408
"686",2016-06-01,"Conventional hybrid",1312
"687",2016-06-01,"Diesel",25272
"688",2016-06-01,"Electricity",776
"689",2016-06-01,"Petrol",34860
"690",2016-06-01,"Plug-in hybrid",492
"691",2016-07-01,"Conventional hybrid",1240
"692",2016-07-01,"Diesel",21192
"693",2016-07-01,"Electricity",286
"694",2016-07-01,"Petrol",28924
"695",2016-07-01,"Plug-in hybrid",606
"696",2016-08-01,"Conventional hybrid",1124
"697",2016-08-01,"Diesel",17340
"698",2016-08-01,"Electricity",588
"699",2016-08-01,"Petrol",24310
"700",2016-08-01,"Plug-in hybrid",402
"701",2016-09-01,"Conventional hybrid",1698
"702",2016-09-01,"Diesel",19932
"703",2016-09-01,"Electricity",964
"704",2016-09-01,"Petrol",29036
"705",2016-09-01,"Plug-in hybrid",552
"706",2016-10-01,"Conventional hybrid",1278
"707",2016-10-01,"Diesel",18198
"708",2016-10-01,"Electricity",422
"709",2016-10-01,"Petrol",25988
"710",2016-10-01,"Plug-in hybrid",488
"711",2016-11-01,"Conventional hybrid",1422
"712",2016-11-01,"Diesel",20784
"713",2016-11-01,"Electricity",352
"714",2016-11-01,"Petrol",29284
"715",2016-11-01,"Plug-in hybrid",506
"716",2016-12-01,"Conventional hybrid",1442
"717",2016-12-01,"Diesel",26670
"718",2016-12-01,"Electricity",1128
"719",2016-12-01,"Petrol",40028
"720",2016-12-01,"Plug-in hybrid",538
"721",2017-01-01,"Conventional hybrid",892
"722",2017-01-01,"Diesel",16568
"723",2017-01-01,"Electricity",626
"724",2017-01-01,"Petrol",21424
"725",2017-01-01,"Plug-in hybrid",378
"726",2017-02-01,"Conventional hybrid",1134
"727",2017-02-01,"Diesel",18160
"728",2017-02-01,"Electricity",426
"729",2017-02-01,"Petrol",26072
"730",2017-02-01,"Plug-in hybrid",328
"731",2017-03-01,"Conventional hybrid",1524
"732",2017-03-01,"Diesel",22026
"733",2017-03-01,"Electricity",1170
"734",2017-03-01,"Petrol",36458
"735",2017-03-01,"Plug-in hybrid",462
"736",2017-04-01,"Conventional hybrid",1400
"737",2017-04-01,"Diesel",19124
"738",2017-04-01,"Electricity",470
"739",2017-04-01,"Petrol",30430
"740",2017-04-01,"Plug-in hybrid",468
"741",2017-05-01,"Conventional hybrid",1474
"742",2017-05-01,"Diesel",20548
"743",2017-05-01,"Electricity",562
"744",2017-05-01,"Petrol",33498
"745",2017-05-01,"Plug-in hybrid",552
"746",2017-06-01,"Conventional hybrid",1744
"747",2017-06-01,"Diesel",24388
"748",2017-06-01,"Electricity",1000
"749",2017-06-01,"Petrol",36422
"750",2017-06-01,"Plug-in hybrid",618
"751",2017-07-01,"Conventional hybrid",1134
"752",2017-07-01,"Diesel",18538
"753",2017-07-01,"Electricity",526
"754",2017-07-01,"Petrol",28698
"755",2017-07-01,"Plug-in hybrid",520
"756",2017-08-01,"Conventional hybrid",1316
"757",2017-08-01,"Diesel",15778
"758",2017-08-01,"Electricity",674
"759",2017-08-01,"Petrol",27634
"760",2017-08-01,"Plug-in hybrid",684
"761",2017-09-01,"Conventional hybrid",1778
"762",2017-09-01,"Diesel",16708
"763",2017-09-01,"Electricity",1124
"764",2017-09-01,"Petrol",28818
"765",2017-09-01,"Plug-in hybrid",652
"766",2017-10-01,"Conventional hybrid",1510
"767",2017-10-01,"Diesel",16618
"768",2017-10-01,"Electricity",732
"769",2017-10-01,"Petrol",29598
"770",2017-10-01,"Plug-in hybrid",560
"771",2017-11-01,"Conventional hybrid",1456
"772",2017-11-01,"Diesel",17024
"773",2017-11-01,"Electricity",1450
"774",2017-11-01,"Petrol",32416
"775",2017-11-01,"Plug-in hybrid",722
"776",2017-12-01,"Conventional hybrid",1372
"777",2017-12-01,"Diesel",22108
"778",2017-12-01,"Electricity",1098
"779",2017-12-01,"Petrol",35802
"780",2017-12-01,"Plug-in hybrid",1014
"781",2018-01-01,"Conventional hybrid",1228
"782",2018-01-01,"Diesel",15194
"783",2018-01-01,"Electricity",524
"784",2018-01-01,"Petrol",26730
"785",2018-01-01,"Plug-in hybrid",612
"786",2018-02-01,"Conventional hybrid",1252
"787",2018-02-01,"Diesel",14128
"788",2018-02-01,"Electricity",836
"789",2018-02-01,"Petrol",28142
"790",2018-02-01,"Plug-in hybrid",496
"791",2018-03-01,"Conventional hybrid",1698
"792",2018-03-01,"Diesel",16892
"793",2018-03-01,"Electricity",1382
"794",2018-03-01,"Petrol",36292
"795",2018-03-01,"Plug-in hybrid",710
"796",2018-04-01,"Conventional hybrid",2030
"797",2018-04-01,"Diesel",15016
"798",2018-04-01,"Electricity",608
"799",2018-04-01,"Petrol",34622
"800",2018-04-01,"Plug-in hybrid",534
"801",2018-05-01,"Conventional hybrid",1712
"802",2018-05-01,"Diesel",17362
"803",2018-05-01,"Electricity",576
"804",2018-05-01,"Petrol",35438
"805",2018-05-01,"Plug-in hybrid",644
"806",2018-06-01,"Conventional hybrid",1824
"807",2018-06-01,"Diesel",18788
"808",2018-06-01,"Electricity",1180
"809",2018-06-01,"Petrol",40088
"810",2018-06-01,"Plug-in hybrid",978
"811",2018-07-01,"Conventional hybrid",1784
"812",2018-07-01,"Diesel",15226
"813",2018-07-01,"Electricity",490
"814",2018-07-01,"Petrol",32478
"815",2018-07-01,"Plug-in hybrid",614
"816",2018-08-01,"Conventional hybrid",1814
"817",2018-08-01,"Diesel",12460
"818",2018-08-01,"Electricity",668
"819",2018-08-01,"Petrol",27592
"820",2018-08-01,"Plug-in hybrid",696
"821",2018-09-01,"Conventional hybrid",2126
"822",2018-09-01,"Diesel",11762
"823",2018-09-01,"Electricity",1092
"824",2018-09-01,"Petrol",25360
"825",2018-09-01,"Plug-in hybrid",536
"826",2018-10-01,"Conventional hybrid",2248
"827",2018-10-01,"Diesel",11984
"828",2018-10-01,"Electricity",906
"829",2018-10-01,"Petrol",29360
"830",2018-10-01,"Plug-in hybrid",804
"831",2018-11-01,"Conventional hybrid",2344
"832",2018-11-01,"Diesel",14316
"833",2018-11-01,"Electricity",1036
"834",2018-11-01,"Petrol",29554
"835",2018-11-01,"Plug-in hybrid",680
"836",2018-12-01,"Conventional hybrid",2396
"837",2018-12-01,"Diesel",17484
"838",2018-12-01,"Electricity",1524
"839",2018-12-01,"Petrol",32030
"840",2018-12-01,"Plug-in hybrid",1104
"841",2019-01-01,"Conventional hybrid",2124
"842",2019-01-01,"Diesel",13586
"843",2019-01-01,"Electricity",906
"844",2019-01-01,"Petrol",25412
"845",2019-01-01,"Plug-in hybrid",532
"846",2019-02-01,"Conventional hybrid",2098
"847",2019-02-01,"Diesel",13232
"848",2019-02-01,"Electricity",1502
"849",2019-02-01,"Petrol",27842
"850",2019-02-01,"Plug-in hybrid",414
"851",2019-03-01,"Conventional hybrid",3016
"852",2019-03-01,"Diesel",14500
"853",2019-03-01,"Electricity",3840
"854",2019-03-01,"Petrol",36734
"855",2019-03-01,"Plug-in hybrid",616
"856",2019-04-01,"Conventional hybrid",3122
"857",2019-04-01,"Diesel",14790
"858",2019-04-01,"Electricity",2094
"859",2019-04-01,"Petrol",35978
"860",2019-04-01,"Plug-in hybrid",548
"861",2019-05-01,"Conventional hybrid",3784
"862",2019-05-01,"Diesel",15012
"863",2019-05-01,"Electricity",1398
"864",2019-05-01,"Petrol",35502
"865",2019-05-01,"Plug-in hybrid",496
"866",2019-06-01,"Conventional hybrid",3664
"867",2019-06-01,"Diesel",15148
"868",2019-06-01,"Electricity",2316
"869",2019-06-01,"Petrol",35256
"870",2019-06-01,"Plug-in hybrid",420
"871",2019-07-01,"Conventional hybrid",3788
"872",2019-07-01,"Diesel",12896
"873",2019-07-01,"Electricity",1368
"874",2019-07-01,"Petrol",31754
"875",2019-07-01,"Plug-in hybrid",536
"876",2019-08-01,"Conventional hybrid",3318
"877",2019-08-01,"Diesel",9886
"878",2019-08-01,"Electricity",1244
"879",2019-08-01,"Petrol",24524
"880",2019-08-01,"Plug-in hybrid",476
"881",2019-09-01,"Conventional hybrid",3804
"882",2019-09-01,"Diesel",10586
"883",2019-09-01,"Electricity",3154
"884",2019-09-01,"Petrol",29852
"885",2019-09-01,"Plug-in hybrid",660
"886",2019-10-01,"Conventional hybrid",4334
"887",2019-10-01,"Diesel",12438
"888",2019-10-01,"Electricity",1328
"889",2019-10-01,"Petrol",32632
"890",2019-10-01,"Plug-in hybrid",880
"891",2019-11-01,"Conventional hybrid",4412
"892",2019-11-01,"Diesel",11396
"893",2019-11-01,"Electricity",1574
"894",2019-11-01,"Petrol",29838
"895",2019-11-01,"Plug-in hybrid",960
"896",2019-12-01,"Conventional hybrid",6800
"897",2019-12-01,"Diesel",15372
"898",2019-12-01,"Electricity",5630
"899",2019-12-01,"Petrol",38902
"900",2019-12-01,"Plug-in hybrid",1880
"901",2020-01-01,"Conventional hybrid",4224
"902",2020-01-01,"Diesel",9890
"903",2020-01-01,"Electricity",1624
"904",2020-01-01,"Petrol",21452
"905",2020-01-01,"Plug-in hybrid",1344
"906",2020-02-01,"Conventional hybrid",4236
"907",2020-02-01,"Diesel",9614
"908",2020-02-01,"Electricity",1578
"909",2020-02-01,"Petrol",22016
"910",2020-02-01,"Plug-in hybrid",1550
"911",2020-03-01,"Conventional hybrid",4202
"912",2020-03-01,"Diesel",8190
"913",2020-03-01,"Electricity",3214
"914",2020-03-01,"Petrol",18576
"915",2020-03-01,"Plug-in hybrid",1718
"916",2020-04-01,"Conventional hybrid",2074
"917",2020-04-01,"Diesel",4634
"918",2020-04-01,"Electricity",1038
"919",2020-04-01,"Petrol",10032
"920",2020-04-01,"Plug-in hybrid",822
"921",2020-05-01,"Conventional hybrid",3602
"922",2020-05-01,"Diesel",5552
"923",2020-05-01,"Electricity",1414
"924",2020-05-01,"Petrol",16156
"925",2020-05-01,"Plug-in hybrid",1282
"926",2020-06-01,"Conventional hybrid",6028
"927",2020-06-01,"Diesel",10476
"928",2020-06-01,"Electricity",2770
"929",2020-06-01,"Petrol",27602
"930",2020-06-01,"Plug-in hybrid",2140
"931",2020-07-01,"Conventional hybrid",5292
"932",2020-07-01,"Diesel",11392
"933",2020-07-01,"Electricity",2020
"934",2020-07-01,"Petrol",23784
"935",2020-07-01,"Plug-in hybrid",2404
"936",2020-08-01,"Conventional hybrid",4494
"937",2020-08-01,"Diesel",7402
"938",2020-08-01,"Electricity",3252
"939",2020-08-01,"Petrol",15642
"940",2020-08-01,"Plug-in hybrid",1866
"941",2020-09-01,"Conventional hybrid",6480
"942",2020-09-01,"Diesel",8372
"943",2020-09-01,"Electricity",5808
"944",2020-09-01,"Petrol",19576
"945",2020-09-01,"Plug-in hybrid",2834
"946",2020-10-01,"Conventional hybrid",7440
"947",2020-10-01,"Diesel",8236
"948",2020-10-01,"Electricity",3050
"949",2020-10-01,"Petrol",20386
"950",2020-10-01,"Plug-in hybrid",3058
"951",2020-11-01,"Conventional hybrid",8142
"952",2020-11-01,"Diesel",9652
"953",2020-11-01,"Electricity",4428
"954",2020-11-01,"Petrol",19664
"955",2020-11-01,"Plug-in hybrid",3718
"956",2020-12-01,"Conventional hybrid",9532
"957",2020-12-01,"Diesel",10366
"958",2020-12-01,"Electricity",9308
"959",2020-12-01,"Petrol",23086
"960",2020-12-01,"Plug-in hybrid",5850
"961",2021-01-01,"Conventional hybrid",6920
"962",2021-01-01,"Diesel",5872
"963",2021-01-01,"Electricity",2194
"964",2021-01-01,"Petrol",14616
"965",2021-01-01,"Plug-in hybrid",2338
"966",2021-02-01,"Conventional hybrid",7496
"967",2021-02-01,"Diesel",5444
"968",2021-02-01,"Electricity",2858
"969",2021-02-01,"Petrol",15382
"970",2021-02-01,"Plug-in hybrid",2330
"971",2021-03-01,"Conventional hybrid",11034
"972",2021-03-01,"Diesel",7928
"973",2021-03-01,"Electricity",4728
"974",2021-03-01,"Petrol",24020
"975",2021-03-01,"Plug-in hybrid",4088
"976",2021-04-01,"Conventional hybrid",10138
"977",2021-04-01,"Diesel",6644
"978",2021-04-01,"Electricity",4020
"979",2021-04-01,"Petrol",20092
"980",2021-04-01,"Plug-in hybrid",3902
"981",2021-05-01,"Conventional hybrid",8752
"982",2021-05-01,"Diesel",6404
"983",2021-05-01,"Electricity",3928
"984",2021-05-01,"Petrol",17896
"985",2021-05-01,"Plug-in hybrid",3682
"986",2021-06-01,"Conventional hybrid",11360
"987",2021-06-01,"Diesel",6970
"988",2021-06-01,"Electricity",7412
"989",2021-06-01,"Petrol",22362
"990",2021-06-01,"Plug-in hybrid",4580
"991",2021-07-01,"Conventional hybrid",8768
"992",2021-07-01,"Diesel",5170
"993",2021-07-01,"Electricity",3692
"994",2021-07-01,"Petrol",17452
"995",2021-07-01,"Plug-in hybrid",3592
"996",2021-08-01,"Conventional hybrid",8516
"997",2021-08-01,"Diesel",3874
"998",2021-08-01,"Electricity",4510
"999",2021-08-01,"Petrol",12678
"1000",2021-08-01,"Plug-in hybrid",3606
"1001",2021-09-01,"Conventional hybrid",9948
"1002",2021-09-01,"Diesel",3890
"1003",2021-09-01,"Electricity",8050
"1004",2021-09-01,"Petrol",14060
"1005",2021-09-01,"Plug-in hybrid",3660
"1006",2021-10-01,"Conventional hybrid",7582
"1007",2021-10-01,"Diesel",3032
"1008",2021-10-01,"Electricity",4352
"1009",2021-10-01,"Petrol",12218
"1010",2021-10-01,"Plug-in hybrid",3088
"1011",2021-11-01,"Conventional hybrid",8302
"1012",2021-11-01,"Diesel",3992
"1013",2021-11-01,"Electricity",7182
"1014",2021-11-01,"Petrol",14416
"1015",2021-11-01,"Plug-in hybrid",3898
"1016",2021-12-01,"Conventional hybrid",10044
"1017",2021-12-01,"Diesel",5950
"1018",2021-12-01,"Electricity",11108
"1019",2021-12-01,"Petrol",16342
"1020",2021-12-01,"Plug-in hybrid",4842
"1021",2022-01-01,"Conventional hybrid",8380
"1022",2022-01-01,"Diesel",4386
"1023",2022-01-01,"Electricity",4402
"1024",2022-01-01,"Petrol",13272
"1025",2022-01-01,"Plug-in hybrid",3126
"1026",2022-02-01,"Conventional hybrid",8690
"1027",2022-02-01,"Diesel",4476
"1028",2022-02-01,"Electricity",5056
"1029",2022-02-01,"Petrol",13434
"1030",2022-02-01,"Plug-in hybrid",3050
"1031",2022-03-01,"Conventional hybrid",11044
"1032",2022-03-01,"Diesel",4570
"1033",2022-03-01,"Electricity",8712
"1034",2022-03-01,"Petrol",16394
"1035",2022-03-01,"Plug-in hybrid",3818
"1036",2022-04-01,"Conventional hybrid",8738
"1037",2022-04-01,"Diesel",3896
"1038",2022-04-01,"Electricity",4354
"1039",2022-04-01,"Petrol",12506
"1040",2022-04-01,"Plug-in hybrid",2548
"1041",2022-05-01,"Conventional hybrid",9868
"1042",2022-05-01,"Diesel",5304
"1043",2022-05-01,"Electricity",5334
"1044",2022-05-01,"Petrol",13892
"1045",2022-05-01,"Plug-in hybrid",3246
"1046",2022-06-01,"Conventional hybrid",10392
"1047",2022-06-01,"Diesel",4968
"1048",2022-06-01,"Electricity",9024
"1049",2022-06-01,"Petrol",15540
"1050",2022-06-01,"Plug-in hybrid",3068
"1051",2022-07-01,"Conventional hybrid",7690
"1052",2022-07-01,"Diesel",3918
"1053",2022-07-01,"Electricity",3960
"1054",2022-07-01,"Petrol",13696
"1055",2022-07-01,"Plug-in hybrid",2446
"1056",2022-08-01,"Conventional hybrid",8486
"1057",2022-08-01,"Diesel",4126
"1058",2022-08-01,"Electricity",4594
"1059",2022-08-01,"Petrol",13626
"1060",2022-08-01,"Plug-in hybrid",2324
"1061",2022-09-01,"Conventional hybrid",10274
"1062",2022-09-01,"Diesel",4826
"1063",2022-09-01,"Electricity",8384
"1064",2022-09-01,"Petrol",15738
"1065",2022-09-01,"Plug-in hybrid",2924
"1066",2022-10-01,"Conventional hybrid",9944
"1067",2022-10-01,"Diesel",3738
"1068",2022-10-01,"Electricity",4876
"1069",2022-10-01,"Petrol",13418
"1070",2022-10-01,"Plug-in hybrid",2546
"1071",2022-11-01,"Conventional hybrid",11186
"1072",2022-11-01,"Diesel",4360
"1073",2022-11-01,"Electricity",8690
"1074",2022-11-01,"Petrol",14994
"1075",2022-11-01,"Plug-in hybrid",3290
"1076",2022-12-01,"Conventional hybrid",11390
"1077",2022-12-01,"Diesel",4546
"1078",2022-12-01,"Electricity",13626
"1079",2022-12-01,"Petrol",15946
"1080",2022-12-01,"Plug-in hybrid",3238
